id,SAMPLE_1,X,Y
,408.847503662109,"631998","4213202"
,412.720581054688,"631946","4213194"
,419.448974609375,"631920","4213214"
