SAMPLE_1,X,Y
479.752990722656,"631350","4212772"
431.166351318359,"631517","4212780"
434.978332519531,"631492","4212748"
