SAMPLE_1,X,Y
444.731231689453,"631519","4212860"
482.9658203125,"631345","4212858"
476.858428955078,"631381","4212882"
