X,Y,Z,SAMPLE_1,
632020.217616793,4213070.22412659,0,369.814117431641
631913.0869108,4213470.42381799,0,422.291564941406
