id,SAMPLE_1,X,Y
,417.859222412109,"632035","4213318"
,411.240142822266,"632062","4213267"
,409.701171875,"632041","4213224"