id,SAMPLE_1,X,Y
,424.211669921875,"630847","4213241"
,425.490814208984,"630875","4213216"
,428.449340820312,"631002","4213353"
,439.058319091797,"631049","4213324"
