id,SAMPLE_1,X,Y
,411.240142822266,"632063","4213263"
,382.351135253906,"632189","4213186"
,409.701171875,"632041","4213224"
,378.434753417969,"632027","4213099"