UTM_X,UTM_Y,Z,elevation
632020.217615969,4213070.22423757,0,369.814117431641
631913.086909976,4213470.42392897,0,422.291564941406
