SAMPLE_1,X,Y
386.570617675781,"631735","4213859"
370.528137207031,"631856","4213973"
377.611297607422,"632021","4214055"
