id,SAMPLE_1,X,Y,Z
,396.368133544922,"631776","4211811",396
,383.573333740234,"631819","4211664",360
,386.214416503906,"631855","4211657",386
