id,Sample,X,Y,Z
,363.247955322266,"632743","4212442",363
,355.654296875,"632803","4212396",335
,352.309539794922,"632857","4212355",332
,390.591857910156,"632903","4212346",390
