id,SAMPLE_1,X,Y,Z
,380.578063964844,"632220","4212172",360
,391.708770751953,"632271","4212045",340
,395.807769775391,"632326","4212021",365
