id,SAMPLE_1,X,Y,Z
,404.776916503906,"632098","4212039",404
,405.870666503906,"632230","4212027",330
,410.027130126953,"632261","4211952",410
