id,SAMPLE_1,X,Y,Z
,376.421478271484,"632392","4212205",356
,385.525695800781,"632467","4212145",345
,390.252014160156,"632483","4212103",350
