id,SAMPLE_1,X,Y,Z
,378.162261962891,"632327","4211667",388
,379.141296386719,"632356","4211671",380
,356.498779296875,"632437","4211674",370
