,Sample,X,Y,Z
,377.591857910156,"632647","4212400",377
,356.992034912109,"632702","4212364",340
,367.438171386719,"632803","4212272",350
,410.722137451172,"632830","4212236",410
