id,SAMPLE_1,X,Y,Z
,393.244445800781,"632663","4212056",393
,371.610595703125,"632713","4211998",310
,313.117950439453,"632820","4211825",290
