id,SAMPLE_1,X,Y,Z
,405.114776611328,"631627","4211724",402
,380.140747070312,"631630","4211660",350
,366.126312255859,"631660","4211622",366
