id,SAMPLE_1,X,Y,Z
,401.229431152344,"631705","4211764",401
,365.157348632812,"631773","4211611",330
,368.850799560547,"631879","4211597",368
