id,SAMPLE_1,X,Y,Z
,376.992034912109,"632709","4212377",370
,387.648040771484,"632763","4212341",360
,395.5849609375,"632799","4212308",395
