id,SAMPLE_1,Z,X,Y
,412.105529785156,412,"632056","4212001"
,425.904327392578,370,"632110","4211928"
,431.810882568359,431,"632122","4211898"
