,X,Y,sample,Z
0,632544.9611675732,4211806.609463573,349.8457,350
1,632577.4129594536,4211759.221700778,320.0,330
2,632611.3720634608,4211709.63288363,300.0,310
