id,SAMPLE_1,X,Y,Z
,388.423431396484,"631547","4211658",388
,374.237884521484,"631500","4211637",374
,373.104919433594,"631566","4211627",373
