,sample,X,Y,Z
,392.557647705078,"632945","4212263",372
,339.120697021484,"632995","4212199",319
,284.820983886719,"633055","4212112",264
,310.596099853516,"633119","4212048",290
