,sample,X,Y,Z
,409.882965087891,"632857","4212222",390
,334.320373535156,"632926","4212158",314
,286.649230957031,"633009","4212061",266
,311.620849609375,"633064","4212002",291
