id,SAMPLE_1,X,Y,Z
,401.133575439453,"632124","4212057",390
,405.870666503906,"632220","4211994",360
,403.622985839844,"632281","4211961",380
