id,SAMPLE_1,X,Y,Z
,407.343383789062,"632086","4212034",407
,411.309173583984,"632171","4211968",350
,417.822631835938,"632209","4211943",417
