SAMPLE_1,X,Y
354.275512695312,"631346","4211663"
369.649749755859,"631814","4211632"
360.685943603516,"631966","4211587"
390.932586669922,"632386","4211699"
